Type,Name,Request Count,Failure Count,Median Response Time,Average Response Time,Min Response Time,Max Response Time,Average Content Size,Requests/s,Failures/s,50%,66%,75%,80%,90%,95%,98%,99%,99.9%,99.99%,100%
POST,/convert/,13234,0,6,9.834848301571384,2.6273990006302483,636.1841110010573,84.0,64.77200131420345,0.0,6,7,8,9,14,22,43,78,530,630,640
,Aggregated,13234,0,6,9.834848301571384,2.6273990006302483,636.1841110010573,84.0,64.77200131420345,0.0,6,7,8,9,14,22,43,78,530,630,640
